,silhouette,calinski_harabasz,davies_bouldin
2,0.2725951346734955,35.32997636600141,1.4182788834628297
3,0.26719505324321474,37.54148450833889,1.1886002138033924
4,0.2529586772549836,37.2034664768922,1.1916676337939434
5,0.27601571324674656,37.169202189196824,1.062658985420883
6,0.28090088996265805,37.22010162534351,0.9976004970387754
7,0.26004916722733795,34.62032745649991,1.0800281379141627
8,0.26943103942625957,34.28868597199044,1.039422705340526
9,0.2721741491570546,32.780750930083734,1.0203127886584307
10,0.26439977461749375,32.03521173473435,0.9861646847892345
